--------------------------------------------------------
--  File created - Tuesday-December-18-2012   
--------------------------------------------------------
REM INSERTING into AVM.AVM_RULE_MAPPING
SET DEFINE OFF;
Insert into AVM.AVM_RULE_MAPPING (MAPPING_ID,CLASS_NAME,METHOD_NAME,ATTRIBUTE_LABEL,LOOKUP_HEADER_ID) values (1,'co.id.fifgroup.core.common.avm.ITransaction','getBranchId','Branch Level','BRANCH_LEVEL');
Insert into AVM.AVM_RULE_MAPPING (MAPPING_ID,CLASS_NAME,METHOD_NAME,ATTRIBUTE_LABEL,LOOKUP_HEADER_ID) values (2,'co.id.fifgroup.core.common.avm.ITransaction','getPrice','Price Item','NUMBER');
Insert into AVM.AVM_RULE_MAPPING (MAPPING_ID,CLASS_NAME,METHOD_NAME,ATTRIBUTE_LABEL,LOOKUP_HEADER_ID) values (21,'co.id.fifgroup.core.common.avm.TransferTrx','getTransferMethod','Transfer Method','TRANSFER_METHOD');
Insert into AVM.AVM_RULE_MAPPING (MAPPING_ID,CLASS_NAME,METHOD_NAME,ATTRIBUTE_LABEL,LOOKUP_HEADER_ID) values (41,'co.id.fifgroup.core.common.avm.TerminationTrx','getTerminationType','Termination Type','TERMINATION_TYPE');

REM INSERTING into AVM.AVM_RULE_LOOKUP_HEADER
SET DEFINE OFF;
Insert into AVM.AVM_RULE_LOOKUP_HEADER (LOOKUP_HEADER_ID,DESCRIPTION,VALUE_DOMAIN,WITH_VALUE) values ('BRANCH_LEVEL','Branch','Branch',0);
Insert into AVM.AVM_RULE_LOOKUP_HEADER (LOOKUP_HEADER_ID,DESCRIPTION,VALUE_DOMAIN,WITH_VALUE) values ('NUMBER','Number','Number',1);
Insert into AVM.AVM_RULE_LOOKUP_HEADER (LOOKUP_HEADER_ID,DESCRIPTION,VALUE_DOMAIN,WITH_VALUE) values ('TRANSFER_METHOD','Transfer Method','TransferMethod',0);
Insert into AVM.AVM_RULE_LOOKUP_HEADER (LOOKUP_HEADER_ID,DESCRIPTION,VALUE_DOMAIN,WITH_VALUE) values ('TERMINATION_TYPE','Termination Type','TerminationType',0);

REM INSERTING into AVM.AVM_RULE_LOOKUP_DETAIL
SET DEFINE OFF;
Insert into AVM.AVM_RULE_LOOKUP_DETAIL (LOOKUP_DETAIL_ID,LOOKUP_DETAIL_VALUE,DESCRIPTION,ACTIVE_STATUS,LOOKUP_HEADER_ID,LOOKUP_DETAIL_CODE) values (1,'''==''''HO''','is head office',1,'BRANCH_LEVEL','BRANCHHEAD');
Insert into AVM.AVM_RULE_LOOKUP_DETAIL (LOOKUP_DETAIL_ID,LOOKUP_DETAIL_VALUE,DESCRIPTION,ACTIVE_STATUS,LOOKUP_HEADER_ID,LOOKUP_DETAIL_CODE) values (2,'''==''''BO''','is branch',1,'BRANCH_LEVEL','BRANCHBRANCH');
Insert into AVM.AVM_RULE_LOOKUP_DETAIL (LOOKUP_DETAIL_ID,LOOKUP_DETAIL_VALUE,DESCRIPTION,ACTIVE_STATUS,LOOKUP_HEADER_ID,LOOKUP_DETAIL_CODE) values (3,'''>=''','is greater than or equal to',1,'NUMBER','GRTOREQLS');
Insert into AVM.AVM_RULE_LOOKUP_DETAIL (LOOKUP_DETAIL_ID,LOOKUP_DETAIL_VALUE,DESCRIPTION,ACTIVE_STATUS,LOOKUP_HEADER_ID,LOOKUP_DETAIL_CODE) values (4,'''<=''','is less than or equal to',1,'NUMBER','LSTOREQLS');
Insert into AVM.AVM_RULE_LOOKUP_DETAIL (LOOKUP_DETAIL_ID,LOOKUP_DETAIL_VALUE,DESCRIPTION,ACTIVE_STATUS,LOOKUP_HEADER_ID,LOOKUP_DETAIL_CODE) values (6,'''==''''INTRABRANCH''','is intrabranch',1,'TRANSFER_METHOD','TRSINTRA');
Insert into AVM.AVM_RULE_LOOKUP_DETAIL (LOOKUP_DETAIL_ID,LOOKUP_DETAIL_VALUE,DESCRIPTION,ACTIVE_STATUS,LOOKUP_HEADER_ID,LOOKUP_DETAIL_CODE) values (5,'''==''''INTERBRANCH''','is interbranch',1,'TRANSFER_METHOD','TRSINTER');
Insert into AVM.AVM_RULE_LOOKUP_DETAIL (LOOKUP_DETAIL_ID,LOOKUP_DETAIL_VALUE,DESCRIPTION,ACTIVE_STATUS,LOOKUP_HEADER_ID,LOOKUP_DETAIL_CODE) values (7,'''==''''INTERNALMARRIED''','is internal married',1,'TERMINATION_TYPE','TERINTERMARRIED');
Insert into AVM.AVM_RULE_LOOKUP_DETAIL (LOOKUP_DETAIL_ID,LOOKUP_DETAIL_VALUE,DESCRIPTION,ACTIVE_STATUS,LOOKUP_HEADER_ID,LOOKUP_DETAIL_CODE) values (8,'''==''''RESIGN''','is resign',1,'TERMINATION_TYPE','TERRESIGN');
